plate,mjd,fiberid,fibermag_r,petromag_r,z
269,51910,271,18.41159,17.80835,0.09307487
268,51633,98,17.85475,17.0673,0.08532126
269,51910,214,18.21714,17.47888,0.09419206
270,51909,113,18.19577,17.52345,0.0915454
268,51633,625,17.9587,17.33138,0.06608251
268,51633,369,17.29359,16.58317,0.0465229
266,51630,177,17.90845,17.15841,0.0632066
270,51909,42,17.38836,16.61147,0.04499136
268,51633,509,17.8765,17.1382,0.09149828
267,51608,125,17.68149,17.8055,0.09202483